episode,time,lane_id,tl_id,state_vector,action,reward,next_state_vector,ambulance_detected,left_turn_requested,queue_length,waiting_time,density,mean_speed,flow,lane_score,phase_index,green_time,total_vehicles,avg_wait_system,throughput,congestion_level
1,1.0,E1-3_0,"[0.001, 0.05, 0.0, 0.001, 0.0, 0.05]",0,0.04,"[0.001, 0.05, 0.0, 0.001, 0.0, 0.05]",False
1,2.0,E1-3_0,"[0.001, 0.05, 0.0, 0.001, 0.0, 0.05]",0,0.08,"[0.002, 0.0, 0.0, 0.001, 0.08147544095176272, 0.05]",False
1,3.0,E1-3_0,"[0.002, 0.0, 0.0, 0.001, 0.08147544095176272, 0.05]",0,0.08,"[0.003, 0.0, 0.0, 0.001, 0.16342052627936937, 0.05]",False
1,4.0,E5-3_0,"[0.003, 0.0, 0.0, 0.001, 0.16342052627936937, 0.05]",0,0.2,"[0.004, 0.05, 0.0, 0.003, 0.28180895847581033, 0.15]",False
1,5.0,E5-3_0,"[0.004, 0.05, 0.0, 0.003, 0.28180895847581033, 0.15]",0,0.24,"[0.005, 0.0, 0.0, 0.003, 0.3696061119539432, 0.15]",False
